DMS_id,DMS_filename,fitness1,fitness2,fitness3,fitness4,UniProt_ID,taxon,target_seq,seq_len,MSA_filename,MSA_start,MSA_end,MSA_len,MSA_bitscore,MSA_theta,MSA_Neff_L_category,raw_DMS_directionality,weight_file_name
CCDB_ECOLI,CCDB_ECOLI_Tripathi_2016.csv,CCDB_ECOLI_Tripathi_2016.csv,CCDB_ECOLI_Adkar_2012.csv,-,-,CCDB_ECOLI,Prokaryote,MQFKVYTYKRESRYRLFVDVQSDIIDTPGRRMVIPLASARLLSDKVSRELYPVVHIGDESWRMMTTDMASVPVSVIGEEVADLSHRENDIKNAINLMFWGI,101,CCDB_ECOLI_full_11-26-2021_b02.a2m,1,101,101,0.2,0.2,high,-1,CCDB_ECOLI_theta_0.2.npy
VKOR1_HUMAN,VKOR1_HUMAN_Chiasson_2020_abundance.csv,VKOR1_HUMAN_Chiasson_2020_abundance.csv,VKOR1_HUMAN_Chiasson_2020_activity.csv,-,-,VKOR1_HUMAN,Human,MGSTWGSPGWVRLALCLTGLVLSLYALHVKAARARDRDYRALCDVGTAISCSRVFSSRWGRGFGLVEHVLGQDSILNQSNSIFGCIFYTLQLLLGCLRTRWASVLMLLSSLVSLAGSVYLAWILFFVLYDFCIVCITTYAINVSLMWLSFRKVQEPQGKAKRH,163,VKOR1_HUMAN_full_11-26-2021_b03.a2m,1,163,163,0.3,0.2,medium,1,VKOR1_HUMAN_theta_0.2.npy
PTEN_HUMAN,PTEN_HUMAN_Mighell_2018.csv,PTEN_HUMAN_Mighell_2018.csv,PTEN_HUMAN_Matreyek_2021.csv,-,-,PTEN_HUMAN,Human,MTAIIKEIVSRNKRRYQEDGFDLDLTYIYPNIIAMGFPAERLEGVYRNNIDDVVRFLDSKHKNHYKIYNLCAERHYDTAKFNCRVAQYPFEDHNPPQLELIKPFCEDLDQWLSEDDNHVAAIHCKAGKGRTGVMICAYLLHRGKFLKAQEALDFYGEVRTRDKKGVTIPSQRRYVYYYSYLLKNHLDYRPVALLFHKMMFETIPMFSGGTCNPQFVVCQLKVKIYSSNSGPTRREDKFMYFEFPQPLPVCGDIKVEFFHKQNKMLKKDKMFHFWVNTFFIPGPEETSEKVENGSLCDQEIDSICSIERADNDKEYLVLTLTKNDLDKANKDKANRYFSPNFKVKLYFTKTVEEPSNPEASSSTSVTPDVSDNEPDHYRYSDTTDSDPENEPFDEDQHTQITKV,403,PTEN_HUMAN_full_11-26-2021_b01.a2m,1,403,403,0.1,0.2,medium,1,PTEN_HUMAN_theta_0.2.npy
CP2C9_HUMAN,CP2C9_HUMAN_Amorosi_2021_abundance.csv,CP2C9_HUMAN_Amorosi_2021_abundance.csv,CP2C9_HUMAN_Amorosi_2021_activity.csv,-,-,CP2C9_HUMAN,Human,MDSLVVLVLCLSCLLLLSLWRQSSGRGKLPPGPTPLPVIGNILQIGIKDISKSLTNLSKVYGPVFTLYFGLKPIVVLHGYEAVKEALIDLGEEFSGRGIFPLAERANRGFGIVFSNGKKWKEIRRFSLMTLRNFGMGKRSIEDRVQEEARCLVEELRKTKASPCDPTFILGCAPCNVICSIIFHKRFDYKDQQFLNLMEKLNENIKILSSPWIQICNNFSPIIDYFPGTHNKLLKNVAFMKSYILEKVKEHQESMDMNNPQDFIDCFLMKMEKEKHNQPSEFTIESLENTAVDLFGAGTETTSTTLRYALLLLLKHPEVTAKVQEEIERVIGRNRSPCMQDRSHMPYTDAVVHEVQRYIDLLPTSLPHAVTCDIKFRNYLIPKGTTILISLTSVLHDNKEFPNPEMFDPHHFLDEGGNFKKSKYFMPFSAGKRICVGEALAGMELFLFLTSILQNFNLKSLVDPKNLDTTPVVNGFASVPPFYQLCFIPV,490,CP2C9_HUMAN_full_11-26-2021_b04.a2m,1,490,490,0.4,0.2,high,1,CP2C9_HUMAN_theta_0.2.npy
RL40A_YEAST,RL40A_YEAST_Roscoe_2014.csv,RL40A_YEAST_Roscoe_2014.csv,RL40A_YEAST_Roscoe_2013.csv,RL40A_YEAST_Mavor_2016.csv,-,RL40A_YEAST,Eukaryote,MQIFVKTLTGKTITLEVESSDTIDNVKSKIQDKEGIPPDQQRLIFAGKQLEDGRTLSDYNIQKESTLHLVLRLRGGIIEPSLKALASKYNCDKSVCRKCYARLPPRATNCRKRKCGHTNQLRPKKKLK,128,RL401_YEAST_full_11-26-2021_b01.a2m,1,128,128,0.1,0.2,medium,1,RL401_YEAST_theta_0.2.npy
P53_HUMAN,P53_HUMAN_Giacomelli_2018_Null_Etoposide.csv,P53_HUMAN_Giacomelli_2018_Null_Etoposide.csv,P53_HUMAN_Giacomelli_2018_Null_Nutlin.csv,P53_HUMAN_Giacomelli_2018_WT_Nutlin.csv,-,P53_HUMAN,Human,MEEPQSDPSVEPPLSQETFSDLWKLLPENNVLSPLPSQAMDDLMLSPDDIEQWFTEDPGPDEAPRMPEAAPRVAPAPAAPTPAAPAPAPSWPLSSSVPSQKTYQGSYGFRLGFLHSGTAKSVTCTYSPALNKMFCQLAKTCPVQLWVDSTPPPGTRVRAMAIYKQSQHMTEVVRRCPHHERCSDSDGLAPPQHLIRVEGNLRVEYLDDRNTFRHSVVVPYEPPEVGSDCTTIHYNYMCNSSCMGGMNRRPILTIITLEDSSGNLLGRNSFEVRVCACPGRDRRTEEENLRKKGEPHHELPPGSTKRALPNNTSSSPQPKKKPLDGEYFTLQIRGRERFEMFRELNEALELKDAQAGKEPGGSRAHSSHLKSKKGQSTSRHKKLMFKTEGPDSD,393,P53_HUMAN_full_04-29-2022_b09.a2m,1,393,393,0.9,0.2,low,1,P53_HUMAN_theta_0.2.npy
BLAT_ECOLX,BLAT_ECOLX_Stiffler_2015.csv,BLAT_ECOLX_Stiffler_2015.csv,BLAT_ECOLX_Jacquier_2013.csv,BLAT_ECOLX_Firnberg_2014.csv,BLAT_ECOLX_Deng_2012.csv,BLAT_ECOLX,Prokaryote,MSIQHFRVALIPFFAAFCLPVFAHPETLVKVKDAEDQLGARVGYIELDLNSGKILESFRPEERFPMMSTFKVLLCGAVLSRVDAGQEQLGRRIHYSQNDLVEYSPVTEKHLTDGMTVRELCSAAITMSDNTAANLLLTTIGGPKELTAFLHNMGDHVTRLDRWEPELNEAIPNDERDTTMPAAMATTLRKLLTGELLTLASRQQLIDWMEADKVAGPLLRSALPAGWFIADKSGAGERGSRGIIAALGPDGKPSRIVVIYTTGSQATMDERNRQIAEIGASLIKHW,286,BLAT_ECOLX_full_11-26-2021_b02.a2m,1,286,286,0.2,0.2,high,1,BLAT_ECOLX_theta_0.2.npy
SPG1_STRSG,SPG1_STRSG_Olson_2014.csv,SPG1_STRSG_Olson_2014.csv,SPG1_STRSG_Wu_2016.csv,-,-,SPG1_STRSG,Prokaryote,MEKEKKVKYFLRKSAFGLASVSAAFLVGSTVFAVDSPIEDTPIIRNGGELTNLLGNSETTLALRNEESATADLTAAAVADTVAAAAAENAGAAAWEAAAAADALAKAKADALKEFNKYGVSDYYKNLINNAKTVEGIKDLQAQVVESAKKARISEATDGLSDFLKSQTPAEDTVKSIELAEAKVLANRELDKYGVSDYHKNLINNAKTVEGVKELIDEILAALPKTDQYKLILNGKTLKGETTTEAVDAATAEKVFKQYANDNGVDGEWTYDDATKTFTVTEKPEVIDASELTPAVTTYKLVINGKTLKGETTTKAVDAETAEKAFKQYANDNGVDGVWTYDDATKTFTVTEMVTEVPGDAPTEPEKPEASIPLVPLTPATPIAKDDAKKDDTKKEDAKKPEAKKDDAKKAETLPTTGEGSNPFFTAAALAVMAGAGALAVASKRKED,448,SPG1_STRSG_full_11-26-2021_b07.a2m,1,448,448,0.7,0.2,low,1,SPG1_STRSG_theta_0.2.npy
HSP82_YEAST,HSP82_YEAST_Flynn_2019.csv,HSP82_YEAST_Flynn_2019.csv,HSP82_YEAST_Mishra_2016.csv,-,-,HSP82_YEAST,Eukaryote,MASETFEFQAEITQLMSLIINTVYSNKEIFLRELISNASDALDKIRYKSLSDPKQLETEPDLFIRITPKPEQKVLEIRDSGIGMTKAELINNLGTIAKSGTKAFMEALSAGADVSMIGQFGVGFYSLFLVADRVQVISKSNDDEQYIWESNAGGSFTVTLDEVNERIGRGTILRLFLKDDQLEYLEEKRIKEVIKRHSEFVAYPIQLVVTKEVEKEVPIPEEEKKDEEKKDEEKKDEDDKKPKLEEVDEEEEKKPKTKKVKEEVQEIEELNKTKPLWTRNPSDITQEEYNAFYKSISNDWEDPLYVKHFSVEGQLEFRAILFIPKRAPFDLFESKKKKNNIKLYVRRVFITDEAEDLIPEWLSFVKGVVDSEDLPLNLSREMLQQNKIMKVIRKNIVKKLIEAFNEIAEDSEQFEKFYSAFSKNIKLGVHEDTQNRAALAKLLRYNSTKSVDELTSLTDYVTRMPEHQKNIYYITGESLKAVEKSPFLDALKAKNFEVLFLTDPIDEYAFTQLKEFEGKTLVDITKDFELEETDEEKAEREKEIKEYEPLTKALKEILGDQVEKVVVSYKLLDAPAAIRTGQFGWSANMERIMKAQALRDSSMSSYMSSKKTFEISPKSPIIKELKKRVDEGGAQDKTVKDLTKLLYETALLTSGFSLDEPTSFASRINRLISLGLNIDEDEETETAPEASTAAPVEEVPADTEMEEVD,709,HSP82_YEAST_full_11-26-2021_b01.a2m,1,709,709,0.1,0.2,medium,1,HSP82_YEAST_theta_0.2.npy
SPIKE_SARS2,SPIKE_SARS2_Starr_2020_binding.csv,SPIKE_SARS2_Starr_2020_binding.csv,SPIKE_SARS2_Starr_2020_expression.csv,-,-,SPIKE_SARS2,Virus,MFVFLVLLPLVSSQCVNLTTRTQLPPAYTNSFTRGVYYPDKVFRSSVLHSTQDLFLPFFSNVTWFHAIHVSGTNGTKRFDNPVLPFNDGVYFASTEKSNIIRGWIFGTTLDSKTQSLLIVNNATNVVIKVCEFQFCNDPFLGVYYHKNNKSWMESEFRVYSSANNCTFEYVSQPFLMDLEGKQGNFKNLREFVFKNIDGYFKIYSKHTPINLVRDLPQGFSALEPLVDLPIGINITRFQTLLALHRSYLTPGDSSSGWTAGAAAYYVGYLQPRTFLLKYNENGTITDAVDCALDPLSETKCTLKSFTVEKGIYQTSNFRVQPTESIVRFPNITNLCPFGEVFNATRFASVYAWNRKRISNCVADYSVLYNSASFSTFKCYGVSPTKLNDLCFTNVYADSFVIRGDEVRQIAPGQTGKIADYNYKLPDDFTGCVIAWNSNNLDSKVGGNYNYLYRLFRKSNLKPFERDISTEIYQAGSTPCNGVEGFNCYFPLQSYGFQPTNGVGYQPYRVVVLSFELLHAPATVCGPKKSTNLVKNKCVNFNFNGLTGTGVLTESNKKFLPFQQFGRDIADTTDAVRDPQTLEILDITPCSFGGVSVITPGTNTSNQVAVLYQDVNCTEVPVAIHADQLTPTWRVYSTGSNVFQTRAGCLIGAEHVNNSYECDIPIGAGICASYQTQTNSPRRARSVASQSIIAYTMSLGAENSVAYSNNSIAIPTNFTISVTTEILPVSMTKTSVDCTMYICGDSTECSNLLLQYGSFCTQLNRALTGIAVEQDKNTQEVFAQVKQIYKTPPIKDFGGFNFSQILPDPSKPSKRSFIEDLLFNKVTLADAGFIKQYGDCLGDIAARDLICAQKFNGLTVLPPLLTDEMIAQYTSALLAGTITSGWTFGAGAALQIPFAMQMAYRFNGIGVTQNVLYENQKLIANQFNSAIGKIQDSLSSTASALGKLQDVVNQNAQALNTLVKQLSSNFGAISSVLNDILSRLDKVEAEVQIDRLITGRLQSLQTYVTQQLIRAAEIRASANLAATKMSECVLGQSKRVDFCGKGYHLMSFPQSAPHGVVFLHVTYVPAQEKNFTTAPAICHDGKAHFPREGVFVSNGTHWFVTQRNFYEPQIITTDNTFVSGNCDVVIGIVNNTVYDPLQPELDSFKEELDKYFKNHTSPDVDLGDISGINASVVNIQKEIDRLNEVAKNLNESLIDLQELGKYEQYIKWPWYIWLGFIAGLIAIVMVTIMLCCMTSCCSCLKGCCSCGSCCKFDEDDSEPVLKGVKLHYT,1273,SPIKE_SARS2_theta0.99_full_11-26-2021_b01.a2m,1,1273,1273,0.1,0.01,medium,1,SPIKE_SARS2_theta_0.01.npy
A0A2Z5U3Z0_9INFA,A0A2Z5U3Z0_9INFA_Doud_2016.csv,A0A2Z5U3Z0_9INFA_Doud_2016.csv,A0A2Z5U3Z0_9INFA_Wu_2014.csv,-,-,A0A2Z5U3Z0_9INFA,Virus,MKAKLLVLLYAFVATDADTICIGYHANNSTDTVDTILEKNVAVTHSVNLLEDSHNGKLCKLKGIAPLQLGKCNITGWLLGNPECDSLLPARSWSYIVETPNSENGACYPGDLIDYEELREQLSSVSSLERFEIFPKESSWPNHTFNGVTVSCSHRGKSSFYRNLLWLTKKGDSYPKLTNSYVNNKGKEVLVLWGVHHPSSSDEQQSLYSNGNAYVSVASSNYNRRFTPEIAARPKVRDQHGRMNYYWTLLEPGDTIIFEATGNLIAPWYAFALSRGFESGIITSNASMHECNTKCQTPQGAINSNLPFQNIHPVTIGECPKYVRSTKLRMVTGLRNIPSIQYRGLFGAIAGFIEGGWTGMIDGWYGYHHQNEQGSGYAADQKSTQNAINGITNKVNSVIEKMNTQFTAVGKEFNNLEKRMENLNKKVDDGFLDIWTYNAELLVLLENERTLDFHDLNVKNLYEKVKSQLKNNAKEIGNGCFEFYHKCDNECMESVRNGTYDYPKYSEESKLNREKIDGVKLESMGVYQILAIYSTVASSLVLLVSLGAISFWMCSNGSLQCRICI,565,A0A2Z5U3Z0_9INFA_theta0.99_full_11-26-2021_b09.a2m,1,565,565,0.9,0.01,medium,1,A0A2Z5U3Z0_9INFA_theta_0.01.npy